<?xml version="1.0" encoding="UTF-8" ?>
<!DOCTYPE mapper
  PUBLIC "-//mybatis.org//DTD Mapper 3.0//EN"
  "http://mybatis.org/dtd/mybatis-3-mapper.dtd">
<mapper namespace="com.ArticleMapper">

  <select id="getSelectArticles" resultType="com.Article"> 
    SELECT a.id, a.title, a.mid, a.hit, a.regdate, m.nickname FROM article a
	INNER JOIN `member` m
	ON a.mid = m.id
  </select>
  
  <!--==============================AddArticle==================================-->
  <insert id="addArticle" parameterType="map">
  	INSERT INTO article 
	SET title = #{title},
	`body` = #{body},
	`mid` = #{mid},
	hit = 0,
	regDate = NOW()
  </insert>
  
  <!--==============================UpDate==================================-->
  <update id="updateArticle" parameterType="map">
  	update article
  	set title = #{title},
  	body = #{body}
  	where id = #{number}
  </update>
  <!--==============================Delete==================================-->
  <delete id="deleteArticleById" parameterType="int">
  DELETE FROM article
  WHERE id= #{aid}
  </delete>
  
  <delete id="deleteReplyById" parameterType="int">
  delete from reply
  where aid = #{aid}
  </delete>
  
  
  
  <!--==============================GetArticle==================================-->
  <select id="getArticleById" resultType="com.Article" parameterType="int">
  SELECT * FROM article a
  INNER JOIN `member` m
  ON m.id = a.mid
  WHERE a.id= #{aid}
  </select>
  
  
  <!--==============================Reply==================================-->
  <select id="getReplies" resultType="com.Reply" parameterType="int">
  SELECT r.*, m.nickname FROM reply r
  INNER JOIN `member` m
  ON r.mid = m.id
  WHERE r.aid = #{aid}
  </select>
  
  <delete id="replyDelete" parameterType="int">
  DELETE FROM reply 
  WHERE id = #{id}
  </delete>
  
  <insert id="putArticleReply" parameterType="map">
  INSERT INTO reply
  SET aid = #{aid},
  `body` = #{reply}, 
  `mid` = #{mid}, 
  regDate = NOW()
  </insert>
  
  <!--==============================SignUp==================================-->
  <insert id="">
  INSERT INTO `member`\r\n" + "SET loginId = '" + id + "',\r\n" + "loginPw = '" + pw + "',\r\n"
				+ "nickname = '" + nick + "',\r\n" + "regDate = NOW()
  </insert>
  
  
  
  
  
  
  
  
  
  
  
  
  
  
  
  
  
  
  
  
  
  
  
  

</mapper>