<?xml version="1.0" encoding="UTF-8" ?>
<!DOCTYPE configuration
  PUBLIC "-//mybatis.org//DTD Config 3.0//EN"
  "http://mybatis.org/dtd/mybatis-3-config.dtd">
<configuration>
  <environments default="development">
    <environment id="development">
      <transactionManager type="JDBC"/>
      <dataSource type="POOLED">
        <property name="driver" value="com.mysql.cj.jdbc.Driver"/>
        <property name="url" value="jdbc:mysql://127.0.0.1:3306/t1?serverTimezone=UTC"/>
        <property name="username" value="sbsst"/>
        <property name="password" value="sbs123414"/>
      </dataSource>
    </environment>
  </environments>
  <mappers>
  <mapper class="com.ArticleMapper"/>
  </mappers>
</configuration>